<?xml version="1.0" encoding="UTF-8"?>
<project-private xmlns="http://www.netbeans.org/ns/project-private/1">
    <editor-bookmarks xmlns="http://www.netbeans.org/ns/editor-bookmarks/2" lastBookmarkId="0"/>
    <open-files xmlns="http://www.netbeans.org/ns/projectui-open-files/2">
        <group>
            <file>file:/C:/Users/gitMi/OneDrive/Documentos/ArbolIndiceComparador-1/ArbolAPP/src/estructuras/ArbolBinarioBusqueda.java</file>
            <file>file:/C:/Users/gitMi/OneDrive/Documentos/ArbolIndiceComparador-1/ArbolAPP/src/datos/DatoArbol.java</file>
            <file>file:/C:/Users/gitMi/OneDrive/Documentos/ArbolIndiceComparador-1/ArbolAPP/src/arbolapp/ArbolBBAPP.java</file>
        </group>
    </open-files>
</project-private>
